片名,放映场数,人数,电影票房,类型,上映年份,上映月份,上映周数,宣发方,时长,是否改编,是否真人真事,是否翻拍,是否续集,导演,导演年代,第几部作品,导演得奖情况,导演是否转型,主演1,baidu index1,主演2,baidu index2
新天生一对,72.57,165.52,5274.6,家庭伦理,2012,1,5,C,100,S,0,1,0,朱延平,50,62,1,0,周渝民,3719,陈嘉桦,903
大笑江湖,154.37,486.62,15392.82,喜剧,2010,12,49,S,119,S,0,0,0,朱延平,50,60,1,0,小沈阳,10215,赵本山,16746
我爱灰太狼,112.53,227.24,7130.16,动画,2012,8,33,C,87,S,0,0,0,朱枫,60,5,0,0,赵娜,335,张琳,891
西游降魔篇,730.23,3107.04,124643.87,魔幻,2013,2,6,S,110,N,0,0,0,周星驰,60,9,1,1,文章,30326,舒淇,10322
大追捕,99.48,153.19,4814.32,警匪,2012,3,12,C,107,S,0,0,0,周显扬,70,2,0,0,张家辉,4147,任达华,3955
天台爱情,178.97,372.58,12001.3,爱情,2013,7,28,L,117,S,0,0,0,周杰伦,70,3,0,1,周杰伦,40502,李心艾,1047
龙凤店,42.96,95.85,2962.67,喜剧,2010,8,34,G,110,S,0,0,0,钟澍佳,60,7,0,0,任贤齐,6385,徐熙媛,2134
嘻游记,46.39,114.83,3034.19,喜剧,2010,7,27,C,105,S,0,0,0,钟少雄,60,28,0,0,黄奕,5317,徐峥,3770
孤岛惊魂2,39.6,55.84,1678.76,惊悚,2013,1,4,L,93,S,0,0,1,钟继昌,60,5,1,0,邓家佳,3088,陈志朋,1955
孤岛惊魂,114.03,291.61,8941.84,惊悚,2011,7,28,L,100,S,0,0,0,钟继昌,60,4,1,0,陈小春,6875,杨幂,84936
恐怖旅馆,36.35,48.62,1442.6,惊悚,2012,8,34,C,95,S,0,0,0,郑来志,70,3,0,0,陈司翰,585,贡米,1689
车手,56.4,92.04,2876.68,警匪,2012,6,26,L,89,S,0,0,0,郑保瑞,70,13,1,0,黄秋生,2513,余文乐,3655
枕边有张脸,75.5,81.97,2364.94,惊悚,2013,6,24,L,96,S,0,0,0,赵小溪,80,2,0,0,吴其江,191,赵仕瑾,111
致我们终将逝去的青春,588.12,2247.03,71901.52,爱情,2013,4,17,S,132,N,0,0,0,赵薇,70,1,1,1,杨子珊,1828,赵又廷,8505
铜雀台,159.97,319.55,10345.47,历史剧情,2012,9,40,C,107,N,0,0,0,赵林山,70,1,0,0,周润发,11814,刘亦菲,36026
喜羊羊与灰太狼之兔年顶呱呱,152.15,463.13,14218.55,动画,2011,1,4,C,88,S,0,1,1,赵崇邦,70,3,1,0,祖丽晴,283,张琳,892
喜羊羊与灰太狼之虎虎生威,109.7,442.23,12750.3,动画,2010,1,5,L,88,S,0,1,1,赵崇邦,70,2,0,0,王祖蓝,6231,谢天华,3446
肩上蝶,29.52,39.89,1292.96,爱情,2011,7,28,L,122,S,0,0,0,张之亮,50,16,1,0,陈坤,6332,梁咏琪,2680
忠诚与背叛,13.16,71.5,1820.7,主旋律,2012,5,22,G,92,S,1,0,0,张玉中,60,9,0,0,刘之冰,492,徐箭,172
金陵十三钗,360.46,1477,60948,历史剧情,2011,12,52,C,145,N,1,0,0,张艺谋,50,26,1,0,倪妮,8356,张歆怡,337
山楂树之恋,155.08,445.03,14661.79,爱情,2010,9,38,S,115,N,1,0,0,张艺谋,50,25,1,0,周冬雨,8279,窦骁,1647
越来越好之村晚,58.45,92.99,3002.54,喜剧,2013,2,6,C,100,S,0,0,0,张一白、谢东,60,10,1,0,郭富城,7367,王宝强,6004
将爱情进行到底,206.39,561.11,19635.4,爱情,2011,2,7,S,105,S,0,1,0,张一白,60,9,1,0,李亚鹏,4155,徐静蕾,4105
无人驾驶,31.87,59.21,1886.95,爱情,2010,7,27,C,105,S,0,0,0,张杨,60,7,1,1,刘烨,5534,高圆圆,22690
Hold住爱,75.53,136.67,4424.28,爱情,2012,8,35,S,95,S,0,0,0,张琦,70,4,0,0,杨幂,84936,刘恺威,22211
夺命心跳,28.46,51.6,1655.78,惊悚,2011,7,27,L,90,S,0,0,0,张琦,70,1,0,0,梁家辉,2638,林熙蕾,3185
辛亥革命,102.84,411.36,10275,主旋律,2011,9,39,G,100,S,1,0,0,张黎 成龙,50,11,1,0,赵文u,1115,成龙,21802
午夜心跳,44.91,102.71,3164.37,惊悚,2010,12,52,C,100,S,0,0,0,张加贝,70,6,0,0,任达华,3954,吴镇宇,4476
密室之不可靠岸,48.15,58.55,1774.2,惊悚,2011,10,44,L,98,S,0,0,1,张番番,70,4,0,0,苏有朋,7754,杨坤,6180
密室之不可告人,48.27,85.06,2467.85,惊悚,2010,10,44,L,95,S,0,0,0,张番番,70,3,0,0,苏有朋,7752,吴佩慈,3198
长江七号爱地球,45.89,76.72,2042.25,儿童,2010,7,28,G,90,S,0,0,1,袁建滔,70,4,0,0,石班瑜,588,徐娇,4295
苏乞儿,54.12,153.32,5127.52,动作,2010,2,7,C,115,S,1,1,0,袁和平,40,25,1,1,赵文卓,6083,周迅,6495
洛克王国  圣龙的心愿,126.1,243.12,6973.18,动画,2013,1,5,C,89,S,0,0,1,于胜军,70,2,0,0,李佳怡,0,山新,0
洛克王国 圣龙骑士,52.44,123.37,3370.52,动画,2011,9,40,L,89,S,0,0,1,于胜军,70,1,0,0,李佳怡,176,山新,810
忠烈杨家将,108.51,194.46,6171.58,动作,2013,4,14,S,120,S,0,1,0,于仁泰,50,20,1,0,郑伊健,5948,林峰,13458
雨中的树,17.97,93.18,2410.93,主旋律,2012,9,39,G,106,S,1,0,0,尹力,50,9,1,0,王志飞,2366,丁柳元,467
倩女幽魂,187.29,413.94,14028.67,魔幻,2011,4,17,G,98,S,0,1,0,叶伟信,60,22,1,0,古天乐,9501,刘亦菲,36026
开心魔法,44.1,69.43,2120.85,喜剧,2011,12,49,G,99,S,0,0,0,叶伟信,60,21,1,0,吴尊,11356,黄百鸣,1243
叶问2宗师传奇,200.08,706.16,23403.87,动作,2010,4,18,G,108,S,1,0,1,叶伟信,60,19,1,0,甄子丹,9630,洪金宝,4762
一路顺疯,47.32,50.15,1439.02,喜剧,2013,9,39,L,95,S,0,0,0,叶伟民,50,21,1,0,陈思诚,774,包贝尔,1451
绣花鞋,94.57,138.4,4338.88,惊悚,2012,3,14,L,86,N,0,1,0,叶伟民,50,20,1,0,林心如,32858,惠英红,1179
亲家过年,33.5,44.09,1324.46,喜剧,2012,1,4,G,91,S,0,0,0,叶伟民,50,19,1,0,文章,30326,刘芸,2403
人在逋,61.85,138.92,3739.37,喜剧,2010,6,23,C,95,S,0,0,0,叶伟民,50,15,1,0,徐峥,3770,王宝强,6004
隐婚男女,36.82,48.95,1492.94,爱情,2011,4,15,C,103,S,0,0,0,叶念琛,70,11,1,0,刘若英,8686,陈奕迅,17713
我爱灰太狼2,119.03,252.3,7490.13,动画,2013,8,31,C,88,S,0,0,1,叶凯,80,3,0,0,赵英俊,453,王智,311
匹夫,54.79,74.93,2470.62,动作,2012,4,18,S,105,S,0,0,0,杨树鹏,70,3,1,0,黄晓明,14101,张译,3026
圣诞玫瑰,69.53,77.34,2361.12,惊悚,2013,5,21,S,90,S,0,0,0,杨采妮,60,1,0,1,郭富城,7367,桂纶镁,3839
北京遇上西雅图,497.82,1632.26,51549.6,爱情,2013,3,12,C,123,S,0,0,0,薛晓璐,70,2,1,1,汤唯,13429,吴秀波,11094
海洋天堂,26.99,48.43,1437.12,家庭伦理,2010,6,25,C,106,S,1,0,0,薛晓路,70,1,0,0,李连杰,1916,文章,30326
危险关系,114.2,185.69,6315.64,爱情,2012,9,40,C,110,N,0,0,0,许秦豪,60,10,1,0,章子怡,16323,张东健,2947
桃姐,111.43,223.13,7073.56,家庭伦理,2012,3,11,S,118,S,0,0,0,许鞍华,40,24,1,0,叶德娴,1256,刘德华,40822
伤心童话,51.93,38.13,1125.5,爱情,2012,9,38,C,92,S,0,0,0,徐正超,70,1,0,0,刘诗诗,58010,胡夏,5865
人再逋局泰,833.71,3920.55,127168.13,喜剧,2012,12,51,S,105,S,0,0,1,徐峥,70,1,1,1,徐峥,3770,黄渤,9285
狄仁杰之神都龙王,475.67,1506.39,60273.21,动作,2013,9,39,S,134,S,0,0,1,徐克,50,44,1,0,冯绍峰,15972,赵又廷,8505
龙门飞甲,342.3,1265,55623,动作,2011,12,51,C,121,S,0,1,0,徐克,50,42,1,1,李连杰,1916,陈坤,6332
狄仁杰之通天帝国,220.37,885.12,29227.94,动作,2010,9,40,S,123,S,0,0,0,徐克,50,35,1,0,李冰冰,40822,李冰冰,6637
杜拉拉升职记,133.72,412.4,12987,爱情,2010,4,16,G,105,N,0,0,0,徐静蕾 ,70,5,1,1,徐静蕾,4105,黄立行,2035
亲密敌人,119.72,317,11265,爱情,2011,12,52,G,115,S,0,0,0,徐静蕾,70,30,1,1,徐静蕾,4105,黄立行,2035
吴仁宝,4.27,28.54,1021.63,主旋律,2012,10,42,G,110,S,1,0,0,徐耿,50,9,0,0,尤勇,582,,
麦兜・当当伴我心,89.42,156.03,4751.27,动画,2012,7,29,C,78,S,0,0,1,谢立文,70,2,0,0,黄秋生,2513,吴君如,2196
81号农场之保卫麦咭,66.58,88.4,2485.45,动画,2013,9,39,L,75,S,0,0,1,小徐克,70,4,0,0,小宝,1615,,
全球热恋,109.72,201.56,6674.24,爱情,2011,9,37,S,100,S,0,0,0,夏永康、陈国辉,60,1,0,0,刘若英,8686,郭富城,7367
全城热恋,104.13,394.4,13289.84,爱情,2010,2,7,S,105,S,0,0,0,夏永康 ,60,1,0,0,张学友,13125,徐熙媛,2134
画皮II,456.24,1713.28,70316.28,魔幻,2012,6,27,S,135,S,0,0,1,乌尔善,70,3,0,0,赵薇,21334,周迅,6495
刀见笑,62.91,72.77,2262.06,动作,2011,3,12,L,110,S,0,1,0,乌尔善,70,2,0,0,张雨绮,5086,安藤政信,259
李小龙我的兄弟,26.68,43.23,1346.15,动作,2010,11,48,L,129,S,1,0,0,文隽 ,50,12,1,0,李治廷,2496,梁家辉,2638
不二神探,340.9,908.79,28428,悬疑,2013,6,25,S,98,S,0,0,0,王子鸣,60,1,0,0,李连杰,1916,文章,30321
赛尔号3战神联盟,108.26,222,7673.24,动画,2013,7,28,S,103,S,0,0,1,王章俊,70,2,0,0,杨欧,0,张安琪,0
赛尔号之雷伊与迈尔斯,66.71,112.53,3139.78,动画,2012,6,27,C,90,S,0,0,1,王章俊,70,1,0,0,雷伊,894,麦克斯,442
神秘世界历险记,36.33,79.66,2175.62,动画,2012,8,33,C,82,S,0,0,0,王云飞,70,1,0,0,刘露,0,孟泉霖,0
雪花秘扇,52.82,104.19,3536.2,家庭伦理,2011,6,26,S,104,N,0,0,0,王颖,40,17,1,0,李冰冰,6637,全智贤,13984
白鹿原,153.07,366.78,14299.1,历史剧情,2012,9,38,G,156,N,0,0,0,王全安,60,6,1,0,张丰毅,1521,张雨绮,5086
恋爱通告,56.34,181.62,5430.38,爱情,2010,8,33,G,98,S,0,0,0,王力宏,70,1,0,1,王力宏,21943,刘亦菲,36026
财神客栈,127.68,340.7,10314.26,喜剧,2011,6,27,S,97,S,0,0,0,王晶,50,110,1,0,谢霆锋,22975,张家辉,4142
大上海,178.02,444.57,15012.96,历史剧情,2012,12,52,S,107,S,0,1,0,王晶,50,99,1,0,周润发,11814,黄晓明,14101
笑功震武林,142.09,232.96,6934.96,喜剧,2013,3,10,S,90,S,0,0,0,王晶,50,98,1,0,洪金宝,4762,吴君如,2196
嫁个一百分男人,67.89,84.48,2539.37,爱情,2012,3,12,G,90,S,0,0,0,王晶,50,95,1,0,郑中基,2338,梁咏琪,2680
冠军宝贝之无价之宝,51.09,75.95,2249.42,动画,2011,8,34,G,90,S,0,0,0,王晶,50,79,1,0,郑中基,2338,张柏芝,25482
未来警察,79.04,198.09,6073.06,魔幻,2010,3,14,G,99,S,0,0,0,王晶,50,76,1,0,李冰冰,40822,徐熙媛,2134
美丽密令,55.43,130.14,3834.85,爱情,2010,3,14,L,98,S,0,0,0,王晶,50,75,1,0,蔡卓妍,3401,吴君如,2196
巴黎宝贝,54.02,75.68,2175.32,家庭伦理,2011,8,35,G,92,S,0,0,0,王菁,70,2,0,0,邓超,11490,,
一代宗师,301.34,796.92,28825.54,动作,2013,1,2,C,130,S,0,0,0,王家卫,50,19,1,0,梁朝伟,6152,章子怡,16323
飞天,29.98,199.57,6756.36,主旋律,2011,7,27,C,120,S,1,0,0,王珈 沈东,50,13,1,0,刘之冰,492,于波,1715
制服,47.09,45.5,1309.89,警匪,2013,10,44,G,95,S,0,0,0,王光利,60,8,0,0,任达华,3954,徐若u,5301
魁拔之大战元泱界,47.1,74.43,2537.56,动画,2013,5,22,S,98,S,0,0,1,王川,70,2,0,0,刘婧荦,109,刘露,191
等风来,21.97,72.19,2174.52,爱情,2013,12,53,G,107,S,0,0,0,滕华涛,70,11,1,0,倪妮,8356,井柏然,3036
失恋33天,290.39,1119.94,35606.94,爱情,2011,11,33,G,110,N,0,0,0,滕华涛,70,10,1,0,文章,30326,白百合,5527
大人物,33.73,40.24,1112.63,喜剧,2011,3,11,C,90,S,0,0,0,谭华,60,3,0,0,杨乐乐,2866,吴孟达,2499
我愿意,124.53,251.82,8543.58,爱情,2012,2,7,G,106,S,0,0,0,孙周,50,8,1,0,李冰冰,6637,孙红雷,6392
致命请柬,29.55,36.61,1052.22,惊悚,2011,3,10,L,95,S,0,0,0,孙小光,60,4,0,0,张达明,669,焦婷,0
兔侠传奇,31.39,45.8,1583.94,动画,2011,7,29,L,89,S,0,0,0,孙立军,50,4,0,0,范伟,2331,闫妮,3891
天机――富春山居图,302.61,775.29,29909.37,动作,2013,6,23,G,122,S,0,0,0,孙建君,50,2,0,0,刘德华,40822,林志玲,16505
大闹天宫（2011版）,60.49,144.44,4951.3,动画,2012,1,3,C,90,S,0,1,0,速达,70,2,0,0,孙悟空,3209,,
剑雨,79.47,202.97,6568.08,动作,2010,9,40,S,122,S,0,0,0,苏照彬,60,3,0,0,杨紫琼,1878,郑雨盛,545
十二星座离奇事件,45.64,68.57,2020.01,惊悚,2012,7,29,S,102,S,0,0,0,盛志民,60,3,0,0,佟大为,4974,甘薇,1058
摩登时代,139.95,231.84,6853.17,家庭伦理,2013,8,34,C,93,S,0,0,0,邵晓黎,60,1,0,0,徐峥,3770,张子枫,2307
武林外传,161.98,530.02,18964.94,喜剧,2011,1,5,G,106,S,0,1,0,尚敬,50,13,1,0,闫妮,3891,姚晨,6337
饭局也疯狂,49.88,140.4,4396.15,喜剧,2012,1,5,G,100,S,0,0,0,尚敬,50,3,1,0,范伟,2331,黄渤,9285
我老公不靠谱,74.41,87.01,2568.78,爱情,2012,12,50,L,106,S,0,0,0,阮世生,60,14,1,0,蔡卓妍,3401,郑伊健,5948
五月天追梦,44.7,69.21,2788.25,励志,2011,9,39,S,95,S,0,0,0,曲全立、孔玟燕、张荣吉,70,2,0,0,陈信宏,1200,刘若英,8686
花田喜事2010,56.14,203.06,6179.05,喜剧,2010,2,7,S,93,S,0,0,1,邱礼涛,60,97,1,0,古天乐,9501,吴君如,2196
叶问――终极一战,47.17,37.23,1107.09,动作,2013,3,12,L,100,S,1,0,1,邱礼涛,60,55,1,0,黄秋生,2513,袁咏仪,2731
叶问前传,25.72,44.42,1343.3,动作,2010,6,26,L,100,S,1,0,1,邱礼涛,60,46,1,0,杜宇航,328,黄奕,5317
女蛹,32.94,39.61,1198.22,惊悚,2013,2,5,S,98,S,0,0,0,邱处机,60,1,1,0,张榕荣,0,任泉,2199
翡翠明珠,12.89,36.13,1077.75,爱情,2010,8,33,L,104,S,0,0,0,秦小珍 陈庆嘉,70,4,0,0,蔡卓妍,3401,林峰,13470
波鲁鲁冰雪大冒险,31.18,37,1231.96,动画,2013,1,4,G,77,S,0,0,0,朴英均,60,1,0,0,李善,0,李美子,0
同谋,58.23,70.81,2267.64,动作,2013,4,17,S,90,S,0,0,0,彭顺,60,24,1,0,郭富城,7367,张家辉,4142
B+侦探,45,73.73,2381.27,悬疑,2011,4,18,L,100,S,0,0,1,彭顺,60,22,1,0,郭富城,7367,廖启智,397
梦游,29.67,31.91,1078.85,惊悚,2011,10,44,L,100,S,0,0,0,彭顺,60,21,1,0,李心洁,1437,霍思燕,8566
逃出生天,181.84,366.75,13377.21,动作,2013,9,40,S,107,S,0,0,0,彭氏兄弟,60,7,1,0,谢霆锋,22975,刘青云,1908
春娇与志明,133.78,216.03,7088.01,爱情,2012,3,14,L,111,S,0,0,1,彭浩翔,70,12,1,0,余文乐,3655,杨千,2423
追凶,45.35,51.03,1651.09,警匪,2012,5,20,S,90,S,0,0,0,彭发,60,16,1,0,刘青云,1908,王宝强,6004
影子爱人,59.97,58.3,1813.8,爱情,2012,5,20,L,100,S,0,0,0,潘源良,60,3,0,0,张柏芝,25482,权相佑,1192
紫宅,35.23,45.75,1325.94,惊悚,2011,9,39,L,93,S,0,0,0,潘恒生,50,1,0,0,汪东城,7607,佟丽娅,16270
宫锁沉香,97.89,172.09,5458.93,爱情,2013,8,33,C,115,S,0,0,0,潘安子,70,3,0,0,周冬雨,8291,陈晓,15220
双城计中计,55.17,76.27,2318.1,喜剧,2012,2,9,C,98,S,0,0,0,潘安子,70,2,0,0,任贤齐,6381,腾格尔,1428
爱,132.26,386.46,13679.86,爱情,2012,2,8,S,120,S,0,0,0,钮承泽,60,5,1,1,舒淇,10322,赵薇,21334
白狐,57.9,84.56,3157.3,魔幻,2013,9,39,L,130,N,0,0,0,牛朝阳,70,4,0,0,钟欣潼,394,张智霖,5284
床下有人,41.83,60.28,1741.24,惊悚,2011,10,42,L,100,S,0,0,0,牛朝阳,60,3,0,0,何静,1202,郭晓然,280
半夜不要照镜子,32.07,38.57,1141.81,惊悚,2012,6,25,C,90,S,0,0,0,牛朝阳,70,3,0,0,关智斌,1402,李曼筠,366
电梯惊魂,55.55,75.04,2217.94,惊悚,2013,2,8,G,88,S,0,0,0,宁敬武,60,14,1,0,蓝正龙,1602,周秀娜,5045
无人区,358.12,827.69,25909.5,动作,2013,12,49,G,117,S,0,0,0,宁浩,70,10,1,0,徐峥,3770,余男,2878
黄金大劫案,188.55,465.16,15146.02,喜剧,2012,4,18,S,108,S,0,0,0,宁浩,70,8,1,0,雷佳音,1746,陶虹,2130
谍海风云,62.8,138.43,4648.77,历史剧情,2010,6,25,C,120,S,0,0,0,米凯尔・哈弗斯特罗姆,60,5,0,0,巩俐,4975,周润发,11814
听风者,242.2,654.62,23224.03,悬疑,2012,8,33,L,120,S,0,0,0,麦兆辉、庄文强,60,18,1,0,梁朝伟,6152,周迅,6495
关云长,184.13,470.33,15872.59,动作,2011,4,18,L,109,S,1,0,0,麦兆辉、庄文强,60,16,1,0,甄子丹,9630,姜文,3167
窃听风云2,216.13,641.02,21467.12,警匪,2011,8,34,S,121,S,0,0,1,麦兆辉 庄文强,60,15,1,0,古天乐,9501,刘青云,1908
我爱的是你爱我,83.96,97.07,3015.46,爱情,2013,11,45,S,97,S,0,0,0,马志宇,70,5,0,0,张涵予,1896,王珞丹,6692
真心话大冒险 ,26.68,49.43,1533.37,爱情,2012,2,8,S,100,S,0,0,0,马志宇,70,4,0,0,苗圃,3528,文章,30326
河东狮吼2,117.96,229.07,7091.79,喜剧,2012,8,34,S,102,S,0,0,1,马伟豪,60,30,1,0,张柏芝,25482,小沈阳,10215
我的野蛮女友2,42.98,71.72,2101.13,爱情,2010,11,45,L,88,S,0,0,1,马伟豪,60,28,1,0,熊黛林,3371,立威廉,1421
寻龙夺宝,67.99,107.44,3248.46,动画,2011,3,11,G,95,S,0,0,0,马里奥・安德鲁西奥,50,8,0,0,山姆・尼尔,84,王姬,1229
极速天使,45.1,80,2521,动作,2011,12,53,S,117,S,0,0,0,马楚成,50,17,1,0,刘若英,8686,汤唯,13429
B区32号,34.56,51.87,1525.49,惊悚,2011,6,23,L,87,S,0,0,0,吕建民,60,1,0,0,唐宸禹,193,邓紫衣,553
荒村公寓,27.98,80.99,2380.54,惊悚,2010,8,33,S,96,S,0,0,0,罗志良,60,10,1,0,张雨绮,5086,余文乐,3655
消失的子弹,182.64,482.96,15611,悬疑,2012,8,34,S,100,S,0,0,0,罗志良,60,7,0,0,谢霆锋,22975,刘青云,1908
金刚王死亡救赎,46.27,40.43,1252.83,动作,2013,9,39,L,110,S,0,0,0,罗永昌,60,10,1,0,释延能,454,雅攻,0
岁月神偷,23.84,53.58,1534.14,家庭伦理,2010,4,16,C,117,S,0,0,0,罗启锐,50,4,1,0,吴君如,2196,任达华,3954
寒战,358.66,800.67,25360.89,警匪,2012,11,46,C,102,S,0,0,0,陆剑青、梁乐民,70,1,0,0,郭富城,7367,梁家辉,2638
王的盛宴,124.76,228.77,7710.43,历史剧情,2012,11,49,C,120,N,1,0,0,陆川,70,7,1,0,刘烨,5534,吴彦祖,6249
东风雨,48.99,91.48,3069.42,历史剧情,2010,4,17,G,117,S,0,0,0,柳云龙,60,1,0,1,柳云龙,1532,范冰冰,31508
东成西就2011,106.87,259.46,8135.71,喜剧,2011,11,48,L,103,S,0,1,0,刘镇伟,50,28,1,0,陈奕迅,17713,莫文蔚,3659
越光宝盒,134.85,416.39,13297.01,魔幻,2010,3,12,S,90,S,0,0,0,刘镇伟,50,24,1,0,郑中基,2338,孙俪,18049
血滴子,100.88,182.56,7232.72,动作,2012,12,52,L,112,S,0,1,0,刘伟强,60,42,1,0,黄晓明,14101,阮经天,2790
不再让你孤单 ,52.47,64.41,2030.61,爱情,2011,5,20,S,124,S,0,0,0,刘伟强,60,40,1,0,舒淇,10322,刘烨,5534
精武风云陈真,133.53,432.67,14122.4,动作,2010,9,39,S,110,S,0,1,0,刘伟强,60,37,1,0,甄子丹,9630,舒淇,10322
摩尔庄园海妖宝藏,49.86,76.3,2528.57,动画,2012,7,28,C,95,S,0,0,1,刘可欣,70,2,0,0,黄渤,9285,季冠霖,912
摩尔庄园冰世纪,41.23,64.46,1757.21,动画,2011,8,33,G,95,S,0,0,1,刘可欣,70,1,1,0,张凯,476,周志强,171
青春派,63.94,97.91,2820.16,励志,2013,8,31,G,91,S,0,0,0,刘杰,60,4,1,0,董子健,239,秦海璐,2133
古镇凶灵,38.81,36.77,1062.42,惊悚,2013,9,36,G,90,S,0,0,0,刘辉,70,1,0,0,徐海乔,236,蒋松,74
赛尔号,75.38,160.48,4429.12,动画,2011,7,31,S,90,S,0,0,0,刘虹,,,,,倪康,0,武艺,9346
假装情侣,58.07,103.66,3194.47,爱情,2011,6,26,L,93,S,0,0,0,刘奋斗,60,2,0,0,黄渤,9285,江一燕,3811
回到爱开始的地方,33.87,37.07,1123.77,爱情,2013,8,34,L,95,S,0,0,0,林孝谦,80,4,1,0,周渝民,3719,刘诗诗,58010
星空,33.01,52.1,1675.86,儿童,2011,11,45,S,99,S,0,0,0,林书宇,70,2,0,0,徐娇,4295,林晖闵,1018
百万巨鳄,34.9,41.14,1286.3,灾难,2012,6,24,C,95,S,0,0,0,林黎胜,60,5,0,0,徐熙媛,2134,郭涛,3695
激战,156.78,374.16,11804.32,动作,2013,8,33,S,122,S,0,0,0,林超贤,60,21,1,0,彭于晏,5172,张家辉,4147
逆战,127.95,391.12,12953.84,警匪,2012,1,4,S,120,S,0,0,0,林超贤,60,20,1,0,周杰伦,40502,谢霆锋,22975
线人,68.82,169.83,5374.19,警匪,2010,8,35,S,90,S,0,0,0,林超贤,60,20,1,0,谢霆锋,22975,张家辉,4142
火龙对决,36.84,61.47,1873.78,警匪,2010,4,14,S,110,S,0,0,0,林超贤,60,18,1,0,任贤齐,6385,黎明,6245
诡爱,45.05,40.58,1210.27,爱情,2012,10,45,C,107,S,0,0,0,梁婷,70,1,0,0,辛芷蕾,289,成毅,132
诡婴吉咪,40.69,49.68,1825.82,惊悚,2013,10,44,S,142,S,0,0,0,梁普智,30,15,1,0,林峰,13470,盛君,140
大武当之天地密码,70.34,122.74,3807.15,动作,2012,7,28,L,100,S,0,0,0,梁柏坚,50,13,0,0,赵文卓,6083,杨幂,84936
二次曝光,168.18,329.34,10763.11,爱情,2012,9,40,L,105,S,0,0,0,李玉,70,4,1,0,范冰冰,31508,"
冯绍峰",15972
观音山,120.84,211.78,7082.56,爱情,2011,3,10,L,101,S,0,0,0,李玉,70,3,1,0,范冰冰,31530,陈柏霖,3222
巴啦啦小魔仙,93.34,170.91,5097.72,儿童,2013,1,5,C,85,S,0,0,0,李欣,60,9,0,0,王慧,371,廖景萱,814
我想和你好好的,182.2,281.28,8811.72,爱情,2013,10,41,S,101,S,0,0,0,李蔚然,70,5,0,0,冯绍峰,15972,倪妮,8356
决战刹马镇,64.61,156.23,4704.27,喜剧,2010,6,26,S,104,S,0,0,0,李蔚然,70,1,0,0,孙红雷,6392,林志玲,16505
鸿门宴传奇,182.43,467.86,15230.21,历史剧情,2011,11,49,L,135,S,1,1,0,李仁港,50,11,1,0,黎明,6245,黄秋生,2513
锦衣卫,115.13,445.19,14469.55,动作,2010,2,6,S,114,S,0,0,0,李仁港,60,9,1,0,甄子丹,9630,赵薇,21334
昆塔盒子总动员,38.53,46.01,1495.76,动画,2013,8,31,G,85,S,0,0,0,李炼,60,1,0,0,吴磊,824,狄菲菲,0
唐伯虎点秋香2之四大才子,69.75,186.77,5756.61,喜剧,2010,7,28,L,99,S,0,1,1,李力持,60,19,1,0,黄晓明,14101,张静初,3556
疯狂的蠢贼,35.01,46.89,1394.14,喜剧,2012,3,10,C,96,S,0,0,0,李凯,70,2,0,0,吴镇宇,4634,颖儿,5269
我的美女老板 ,23.18,43.65,1278.44,爱情,2010,7,31,C,104,S,0,0,0,李虹,70,3,0,0,何润东,5193,景甜,10392
搞定岳父大人,48.56,58.7,1715.55,喜剧,2012,8,32,L,91,S,0,0,0,李海蜀,70,1,0,0,徐峥,3770,许绍雄,912
80’后,25.6,50.25,1526.83,爱情,2010,6,26,G,105,S,0,0,0,李芳芳,80,1,0,1,刘冬,2161,黄明,1062
意外的恋爱时光,81.18,75.81,2379.24,爱情,2013,11,45,C,93,S,0,0,0,黎志,80,2,0,0,房祖名,2711,郭采洁,7641
情谜,51.07,69.98,2212.33,爱情,2012,3,11,S,105,S,0,0,0,黎妙雪,60,4,0,0,舒淇,10322,余文乐,3655
201314,38.24,46.35,1337.05,爱情,2013,1,1,G,92,S,0,0,0,孔令晨,70,5,0,0,郭晓然,280,金晨,1182
一夜惊喜,209.63,548.22,17157.72,喜剧,2013,8,32,L,106,S,0,0,0,金依萌,80,2,1,0,范冰冰,31508,李治廷,2496
大明猩,148.72,307.5,11307.2,儿童,2013,7,28,S,132,S,0,0,0,金容华,70,5,0,0,徐娇,4295,成东日,531
战国,126.14,228.53,7671.39,历史剧情,2011,4,16,G,126,S,1,0,0,金琛,70,15,1,0,孙红雷,6392,景甜,10397
大海啸之鲨口逃生,223.26,410.97,15771.49,灾难,2012,10,42,S,91,S,0,0,0,金波・兰道,60,2,0,0,沙维尔・塞缪尔,0,沙妮・文森,0
异度公寓,38.36,76.35,2100.78,惊悚,2010,6,23,L,93,S,0,0,0,蒋国权,60,3,1,0,萧蔷,3545,张兆辉,571
让子弹飞,378.64,1754.09,66130.69,动作,2010,12,51,G,132,N,0,0,0,姜文,60,4,1,1,姜文,3167,葛优,2547
康定情歌,21.4,37.6,1017.18,主旋律,2010,11,45,G,103,S,0,0,0,江平,60,6,1,0,苏有朋,7752,居文沛,487
喜羊羊与灰太狼之喜气羊羊过蛇年,197.59,420.06,12523.67,动画,2013,1,4,C,86,S,0,1,1,简耀宗,60,4,1,0,祖丽晴,283,梁颖,304
喜羊羊与灰太狼之开心闯龙年,198.71,562.13,16788.2,动画,2012,1,3,C,85,S,0,1,1,简耀宗,60,3,1,0,周笔畅,9499,阿牛,926
太极侠,58.21,79.43,2763.27,动作,2013,7,27,G,106,S,0,0,0,基努・里维斯,60,1,0,1,陈虎,602,基努・里维斯,557
特殊身份,283.52,493.82,15575.87,动作,2013,10,42,C,99,S,0,0,0,霍耀良?,50,30,1,0,甄子丹,9630,景甜,10392
@在一起,56.17,96.42,3308.4,爱情,2013,2,5,G,99,S,0,0,0,霍耀良,50,32,1,0,甄子丹,9630,柯震东,11375
被偷走的那五年,239.63,473.2,14913.46,爱情,2013,8,35,L,111,S,0,0,0,黄真真,70,10,0,1,白百合,5684,张孝全,1726
倾城之泪,78.72,131,4377,爱情,2011,12,52,L,108,S,0,0,0,黄真真,70,9,0,1,周冬雨,8279,李治廷,2495
完美嫁衣,34.5,61.13,1821.25,爱情,2010,10,43,L,100,S,0,0,0,黄真真,70,7,0,1,杨千,2423,毛舜筠,1501
开心超人,62.6,121.51,3504.76,动画,2013,6,26,S,90,S,0,0,0,黄伟明,70,14,1,0,祖丽晴,283,高全胜,0
车在逋,69.37,93.04,2763.01,喜剧,2012,4,14,G,90,S,0,0,0,华原,70,1,0,0,郭德纲,35135,许绍洋,1504
爱神,39.65,38.92,1204.01,爱情,2013,3,10,L,98,S,0,0,0,花明,60,1,0,0,钟汉良,22194,王子文,2933
神奇,50.17,101.08,4620.12,励志,2013,9,40,G,105,S,0,0,0,胡雪桦,60,4,1,0,黄晓明,14101,郭采洁,7641
孔子,96.34,307.95,10138.85,历史剧情,2010,1,4,G,125,S,1,0,0,胡玫,50,8,1,0,周润发,11814,陈建斌,2072
潜艇总动员3,76.02,174.7,5736.42,动画,2013,5,22,L,80,S,0,0,1,何子力,80,1,0,0,洪天海,0,,
第一次,71.1,112.86,3582.82,爱情,2012,6,24,L,106,S,0,0,0,韩延,80,5,0,0,杨颖,7602,赵又廷,8505
建党伟业,331.64,1234.88,42290.1,主旋律,2011,6,25,G,125,S,1,0,0,韩三平、黄建新,50,5,1,0,刘烨,5534,陈坤,6332
功夫梦,64.01,156.54,4817.18,动作,2010,6,26,G,133,S,0,0,0,哈罗德・兹瓦特,60,14,0,0,成龙,21802,刘亦菲,36026
小时代:青木时代,301.16,940.6,29350.13,爱情,2013,8,32,S,116,N,0,0,1,郭敬明,80,2,1,1,杨幂,84936,郭采洁,7641
小时代,455.6,1533.24,48814.05,爱情,2013,6,27,S,116,N,0,0,0,郭敬明,80,1,0,1,杨幂,84936,柯震东,11375
厨子戏子痞子,307.56,859.65,27058.21,动作,2013,3,13,S,108,S,0,0,0,管虎,60,9,1,0,刘烨,5534,张涵予,1894
杀生,39.59,60.58,1955.79,动作,2012,4,18,L,109,S,0,0,0,管虎,60,9,1,0,黄渤,9285,任达华,3954
笔仙惊魂,53.9,80.8,2353.12,惊悚,2012,6,24,L,92,S,0,0,1,关尔,70,2,0,0,何杜娟,429,翟文斌,113
最爱,114.38,192.24,5998.28,爱情,2011,5,20,C,105,N,0,0,0,顾长卫,50,3,1,0,章子怡,16323,郭富城,7367
百星酒店,93.27,181.44,5838.34,喜剧,2013,2,5,S,100,S,0,0,0,谷德昭,60,13,1,0,郑中基,2338,薛凯琪,4265
神奇侠侣,65.82,162.87,5177.67,喜剧,2011,2,6,L,100,S,0,0,0,谷德昭,60,13,1,0,古天乐,9501,吴君如,2196
男人如衣服,83.47,103.35,3143.94,爱情,2012,10,42,L,90,S,0,0,0,谷德昭,60,11,1,1,黄百鸣,1243,毛舜筠,1501
猪猪侠之逦；,30.15,42.33,1200.58,动画,2012,6,27,G,90,S,0,0,1,古志斌,70,1,0,0,GG Bond,0,,
熊猫总动员 ,40.58,120.91,4661.16,动画,2011,2,6,L,90,S,0,0,0,格里格・曼瓦林,70,2,0,0,何炅,17178,刘纯燕,930
大武生,91.43,148.98,4835.13,动作,2011,9,37,L,108,S,0,0,0,高晓松,60,3,0,1,吴尊,11356,韩庚,17592
一场风花雪月的事,50.4,71.84,2278.38,爱情,2013,8,32,L,114,N,0,1,0,高群书,60,8,1,0,杨颖,7602,黄晓明,14101
西风烈,106.62,216.93,6981.26,警匪,2010,10,44,S,118,S,0,0,0,高群书,60,4,1,0,吴镇宇,4476,段奕宏,1833
快乐大本营之快乐到家,229.38,524.88,15388.38,喜剧,2013,1,3,S,97,S,0,0,0,傅华阳,60,5,1,0,何炅,17178,谢娜,25403
七小罗汉,28.2,80.52,2507.06,动作,2010,7,30,G,85,S,0,0,0,傅华阳,60,4,1,0,曾志伟,2991,王浩,0
超级经纪人,72.01,94.14,2885.26,喜剧,2013,9,36,L,99,S,0,0,0,冯志强,80,2,0,0,蔡卓妍,3401,杜汶泽,4978
举起手来（之二）追击阿多丸,20.24,41.3,1010.16,喜剧,2010,9,37,G,91,S,0,0,1,冯小宁,50,13,1,0,潘长江,2639,郭达,857
私人订制,450.27,1663.53,58950.9,喜剧,2013,12,51,S,120,S,0,0,1,冯小刚,50,18,1,0,葛优,2547,白百何,5527
一九四二,311.55,1005.39,37076.52,历史剧情,2012,11,49,C,146,N,1,0,0,冯小刚,50,17,1,0,张国立,3953,陈道明,4341
非诚勿扰II,286.53,1250.3,48060.25,爱情,2010,12,52,S,125,S,0,0,1,冯小刚,50,15,1,0,葛优,2547,舒淇,10322
唐山大地震,372.84,1817.49,67332.25,灾难,2010,7,30,S,139,N,1,0,0,冯小刚,50,14,1,0,徐帆,1544,张静初,3556
太极2英雄崛起,193.6,293.72,11848.11,魔幻,2012,11,45,C,95,S,0,0,1,冯德伦,70,7,0,1,梁家辉,2638,彭于晏,5173
太极1从零开始,208.93,366.82,14771.46,魔幻,2012,9,40,C,98,S,0,0,1,冯德伦,70,6,0,1,袁晓超,417,杨颖,7602
绝命岛,37.56,62.93,1836.06,惊悚,2010,10,42,L,90,S,0,0,0,冯超,70,3,0,0,冯超,183,林雪,964
全民目击,278.75,570.3,18126.44,悬疑,2013,9,37,L,119,S,0,0,0,非行,70,2,0,0,孙红雷,6392,郭富城,7367
守望者：罪恶迷途,45.49,56.86,1805.25,警匪,2011,3,13,G,103,S,0,0,0,非行,70,2,0,0,任达华,3954,张静初,3558
大魔术师,151.04,515.8,17412.13,喜剧,2012,1,3,S,128,S,0,0,0,尔冬升,50,16,1,1,梁朝伟,6152,刘青云,1908
枪王之王,118.89,411.48,12943.25,动作,2010,7,27,S,130,S,0,0,0,尔冬升,50,16,1,1,古天乐,9501,吴彦祖,6249
盲探,237.25,651.44,20957.79,爱情,2013,7,27,L,129,S,0,0,0,杜琪峰,50,63,1,0,李冰冰,40822,郑秀文,2890
单身男女,130.15,290.5,9616.49,爱情,2011,3,11,L,115,S,0,0,0,杜琪峰,50,60,1,0,古天乐,9501,高圆圆,22690
毒战,204.92,456.69,14649.79,警匪,2013,4,16,G,108,S,0,0,0,杜琪峰,50,57,1,0,古天乐,9501,孙红雷,6392
高海拔之恋Ⅱ,46.82,63.12,2163.29,爱情,2012,2,7,L,112,S,0,0,1,杜琪峰,50,55,1,0,古天乐,9501,郑秀文,2890
杨善洲,103.61,424.82,10706,主旋律,2011,7,30,S,100,S,1,0,0,董玲,50,10,1,0,李雪健,1285,李晨,8299
警察故事2013,254.39,863.78,34540.63,警匪,2013,12,52,C,108,S,0,0,1,丁晟,60,6,1,0,成龙,21802,刘烨,5534
硬汉2-奉陪到底,52.69,72.52,2352.94,动作,2011,4,14,G,92,S,0,0,1,丁晟,70,4,0,0,刘烨,5534,张梓琳,3281
大兵小将,126.07,505.16,16218.38,动作,2010,2,7,G,96,S,0,0,0,丁晟,60,3,1,1,成龙,21802,王力宏,21943
非常幸运,222.14,421.66,13714.22,爱情,2013,9,38,S,100,S,0,0,0,丹尼邓肯,50,23,1,0,王力宏,21943,章子怡,16323
黑猫警长,23.1,64.36,1417.29,动画,2010,4,17,G,90,S,0,1,0,戴铁郎,30,7,0,0,黑猫警长,4995,,
白蛇传说,243.34,651.43,21096.54,魔幻,2011,9,40,S,100,S,0,1,0,程小东,50,22,1,1,李连杰,1916,黄圣依,6391
边境风云,59.25,92.23,2927.83,警匪,2012,8,34,C,95,S,0,0,0,程耳,70,3,1,0,孙红雷,6392,王珞丹,6692
辛巴达历险记,63.68,140.3,3911.8,动画,2013,5,22,C,90,S,0,0,0,程炳峰,70,1,0,0,辛巴达,468,,
十二生肖,567.5,2201.44,88292.62,动作,2012,12,52,C,120,S,0,0,0,成龙,50,18,1,1,成龙,21802,姚星彤,2073
101次求婚,222.48,599.36,20042,爱情,2013,2,7,C,104,S,0,1,0,陈正道,80,15,0,0,黄渤,9285,林志玲,16505
幸福额度,77.16,106.45,3434.22,爱情,2011,10,43,S,95,S,0,0,0,陈正道,80,12,0,0,林志玲,16505,廖凡,1756
爱出色,34.74,45.91,1320.43,爱情,2010,11,46,C,97,S,0,0,0,陈奕利,70,1,0,0,姚晨,6337,刘烨,5534
杨门女将之军令如山,70.03,126.9,3897.14,动作,2011,11,47,G,110,S,0,1,0,陈勋奇,50,21,1,1,张柏芝,25482,刘晓庆,7979
八星报喜,92.22,255.47,8451.72,喜剧,2012,1,4,S,117,S,0,0,0,陈庆嘉 秦小珍,50,12,1,1,甄子丹,9630,杨幂,84936
最强喜事2011,141.71,497.43,16697.08,喜剧,2011,1,6,S,103,S,0,0,1,陈庆嘉,50,11,1,1,甄子丹,9630,古天乐,9501
新少林寺,176.76,599.28,21623.18,动作,2011,1,4,G,130,S,0,1,0,陈木胜,60,24,1,0,刘德华,40812,谢霆锋,22975
扫毒,314.93,744.84,23770.16,警匪,2013,11,48,L,135,S,0,0,0,陈木胜,60,23,1,0,古天乐,9501,张家辉,4142
全城戒备,81.34,288.69,9033.12,动作,2010,8,32,G,113,S,0,0,0,陈木胜,60,17,1,0,郭富城,7367,舒淇,10322
周恩来的四个昼夜,21.11,175.47,5579.54,主旋律,2013,7,29,G,106,S,0,0,0,陈力,60,13,1,0,孙维民,163,郝岩,139
中国合伙人,586.62,1672.64,53922.26,励志,2013,5,20,G,112,S,0,0,0,陈可辛,60,16,1,0,黄晓明,14101,邓超,11490
武侠,179.81,509.23,17202.6,动作,2011,7,28,S,114,S,0,0,0,陈可辛,60,15,1,0,甄子丹,9630,金城武,3736
赵氏孤儿,166.59,562.01,18805.5,历史剧情,2010,12,49,S,124,N,1,0,0,陈凯歌,50,16,1,0,葛优,2547,王学圻,1270
搜索,215.7,528.78,17353.91,悬疑,2012,7,28,S,121,N,0,0,0,陈凯歌,50,16,1,0,高圆圆,22690,姚晨,6337
四大名捕,247.63,590.05,19216.69,动作,2012,7,29,S,118,N,0,0,0,陈嘉上、秦小珍,60,37,1,0,邓超,11490,刘亦菲,36026
四大名捕2,248.02,473.66,17436.27,动作,2013,12,49,S,120,N,0,0,1,陈嘉上,60,38,1,0,邓超,11490,刘亦菲,36026
画壁,199.86,544.12,17804.75,魔幻,2011,9,40,S,100,S,0,0,0,陈嘉上,60,33,1,0,邓超,11490,闫妮,3891
郭明义,12.98,224.1,6508.49,主旋律,2011,7,29,G,90,S,1,0,0,陈国星、王竞,50,13,1,0,侯勇,1278,姜宏波,521
第一书记,9.69,71.06,1646.19,主旋律,2010,7,29,L,94,S,1,0,0,陈国星,50,13,1,0,杨立新,716,徐帆,1544
我知女人心,80.86,193.39,6666.88,爱情,2011,2,6,S,116,S,0,1,0,陈大明,60,4,0,1,刘德华,40812,胡静,2460
72家租客,30.75,124.66,3863.35,喜剧,2010,2,7,L,98,S,0,1,0,曾志伟、钟澍佳、叶念琛,50,1,0,1,张学友,31125,袁咏仪,2731
我爱HK 开心万岁,29.17,91.67,2956.72,喜剧,2011,1,6,S,104,S,0,0,0,曾志伟、钟澍佳,50,2,0,1,曾志伟,2991,梁家辉,2638
全面开战,123.8,277.72,8769.19,警匪,2012,6,26,G,142,S,0,0,0,蔡岳勋,60,1,0,0,黄渤,9285,赵又廷,8505
控制,112.18,141.24,4374.83,警匪,2013,11,47,C,92,S,0,0,0,毕国智,60,5,0,0,吴彦祖,6249,姚晨,6337
潜艇总动员2 ,19.82,46.58,1642.74,动画,2012,6,32,C,85,S,0,0,1,鲍勃・道塞特,60,1,0,0,阿力,222,贝贝,962
笔仙Ⅱ,140.89,267.14,8259.17,惊悚,2013,7,29,C,94,S,0,0,1,安兵基,60,6,0,0,朴韩星,272,辛芷蕾,289
笔仙,111.34,187.07,5827.06,惊悚,2012,7,30,G,95,S,0,0,0,安兵基,60,5,1,0,梅婷,2594,郭京飞,1672
魔侠传之唐吉可德,49.95,97.2,3774.74,魔幻,2010,10,42,L,105,N,0,0,0,阿甘,60,11,1,0,郭涛,3695,林嘉欣,1543
风暴,318.79,801.6,30913.51,警匪,2013,12,50,S,109,S,0,0,0, 袁锦麟,60,3,0,0,刘德华,40822,林家栋,808
分手合约,267.7,612.11,19263.62,爱情,2013,4,15,G,103,S,0,0,0, 吴基桓,60,5,0,0,彭于晏,5173,白百何,5527
